{"xmin":{"0":374.0818481445,"1":336.3141174316},"ymin":{"0":30.8229980469,"1":282.3628845215},"xmax":{"0":638.8804931641,"1":411.0478820801},"ymax":{"0":474.8017578125,"1":395.1170349121},"confidence":{"0":0.8370991945,"1":0.2673147619},"class":{"0":0,"1":62},"name":{"0":"person","1":"tv"}}